USE DentalOffice
/*-- PROVIDER INSERT --*/
INSERT INTO [dbo].[provider] 
            ([providerid], 
             [providerfn], 
             [providerln], 
             [providerrole], 
             [provideraddl1], 
             [provideraddl2], 
             [providercity], 
             [providerstate], 
             [providerzipcode], 
             [providerphone], 
             [providergender], 
             [provideremail], 
             [providerdob]) 
VALUES      (1, 
             'John', 
             'Smith', 
             'Dentist', 
             '123 Nelson Road', 
             '11 Jersey Center', 
             'Boston', 
             'MA', 
             '02215', 
             '8576138565', 
             'M', 
             'nespadater0@youtube.com', 
             '1995-01-24');

INSERT INTO [dbo].[provider] 
            ([providerid], 
             [providerfn], 
             [providerln], 
             [providerrole], 
             [provideraddl1], 
             [provideraddl2], 
             [providercity], 
             [providerstate], 
             [providerzipcode], 
             [providerphone], 
             [providergender], 
             [provideremail], 
             [providerdob]) 
VALUES      (2, 
             'Niel', 
             'Espadater', 
             'Dentist', 
             '826 Elka Road', 
             '31 Scott Center', 
             'Pensacola', 
             'Florida', 
             '32505', 
             '8506038565', 
             'M', 
             'nespadater0@youtube.com', 
             '1955-06-24'); 

INSERT INTO [dbo].[provider] 
            ([providerid], 
             [providerfn], 
             [providerln], 
             [providerrole], 
             [provideraddl1], 
             [provideraddl2], 
             [providercity], 
             [providerstate], 
             [providerzipcode], 
             [providerphone], 
             [providergender], 
             [provideremail], 
             [providerdob]) 
VALUES     (3, 
            'Eunice', 
            'Agutter', 
            'Assistant', 
            '18 Division Lane', 
            '80901 Rockefeller Road', 
            'Miami Beach', 
            'Florida', 
            '33141', 
            '3055123873', 
            'F', 
            'eagutter2@forbes.com', 
            '1966-11-27'); 

INSERT INTO [dbo].[provider] 
            ([providerid], 
             [providerfn], 
             [providerln], 
             [providerrole], 
             [provideraddl1], 
             [provideraddl2], 
             [providercity], 
             [providerstate], 
             [providerzipcode], 
             [providerphone], 
             [providergender], 
             [provideremail], 
             [providerdob]) 
VALUES     (4, 
            'Ruthanne', 
            'Maddra', 
            'Assistant', 
            '44 Summerview Pass', 
            '35468 Monument Plaza', 
            'Corpus Christi', 
            'Texas', 
            '78465', 
            '3615878268', 
            'F', 
            'rmaddra3@java.com', 
            '1971-08-24'); 

INSERT INTO [dbo].[provider] 
            ([providerid], 
             [providerfn], 
             [providerln], 
             [providerrole], 
             [provideraddl1], 
             [provideraddl2], 
             [providercity], 
             [providerstate], 
             [providerzipcode], 
             [providerphone], 
             [providergender], 
             [provideremail], 
             [providerdob]) 
VALUES     (5, 
            'Mortimer', 
            'Galbreth', 
            'Assistant', 
            '0985 Mayfield Point', 
            '226 Logan Place', 
            'Wilkes Barre', 
            'Pennsylvania', 
            '18706', 
            '5705805976', 
            'M', 
            'mgalbreth4@google.com.hk', 
            '1980-06-29'); 

INSERT INTO [dbo].[provider] 
            ([providerid], 
             [providerfn], 
             [providerln], 
             [providerrole], 
             [provideraddl1], 
             [provideraddl2], 
             [providercity], 
             [providerstate], 
             [providerzipcode], 
             [providerphone], 
             [providergender], 
             [provideremail], 
             [providerdob]) 
VALUES     (6, 
            'Robinet', 
            'Comben', 
            'Assistant', 
            '00710 Sherman Avenue', 
            '2 Oakridge Plaza', 
            'Waterbury', 
            'Connecticut', 
            '06721', 
            '2039140004', 
            'M', 
            'rcomben5@umich.edu', 
            '1994-07-21'); 

INSERT INTO [dbo].[provider] 
            ([providerid], 
             [providerfn], 
             [providerln], 
             [providerrole], 
             [provideraddl1], 
             [provideraddl2], 
             [providercity], 
             [providerstate], 
             [providerzipcode], 
             [providerphone], 
             [providergender], 
             [provideremail], 
             [providerdob]) 
VALUES     (7, 
            'Graehme', 
            'Goodin', 
            'Dentist', 
            '61003 2nd Crossing', 
            '6 Village Point', 
            'Silver Spring', 
            'Maryland', 
            '20904', 
            '4109541157', 
            'M', 
            'ggoodin6@si.edu', 
            '1977-03-03'); 

INSERT INTO [dbo].[provider] 
            ([providerid], 
             [providerfn], 
             [providerln], 
             [providerrole], 
             [provideraddl1], 
             [provideraddl2], 
             [providercity], 
             [providerstate], 
             [providerzipcode], 
             [providerphone], 
             [providergender], 
             [provideremail], 
             [providerdob]) 
VALUES     (8, 
            'Garrott', 
            'Dennehy', 
            'Dentist', 
            '10001 Burning Wood Road', 
            '019 Sunbrook Trail', 
            'Dallas', 
            'Texas', 
            '75367', 
            '2148920646', 
            'M', 
            'gdennehy7@mayoclinic.com', 
            '1977-09-22'); 

INSERT INTO [dbo].[provider] 
            ([providerid], 
             [providerfn], 
             [providerln], 
             [providerrole], 
             [provideraddl1], 
             [provideraddl2], 
             [providercity], 
             [providerstate], 
             [providerzipcode], 
             [providerphone], 
             [providergender], 
             [provideremail], 
             [providerdob]) 
VALUES     (9, 
            'Ali', 
            'Crossan', 
            'Dentist', 
            '10910 Trailsway Lane', 
            '7603 Graceland Lane', 
            'Arlington', 
            'Virginia', 
            '22217', 
            '5719715178', 
            'M', 
            'acrossan8@trellian.com', 
            '2016-06-13'); 

INSERT INTO [dbo].[provider] 
            ([providerid], 
             [providerfn], 
             [providerln], 
             [providerrole], 
             [provideraddl1], 
             [provideraddl2], 
             [providercity], 
             [providerstate], 
             [providerzipcode], 
             [providerphone], 
             [providergender], 
             [provideremail], 
             [providerdob]) 
VALUES     (10, 
            'Erny', 
            'Gavrielli', 
            'Hygienist', 
            '00716 Shopko Avenue', 
            '7642 Stephen Alley', 
            'Knoxville', 
            'Tennessee', 
            '37995', 
            '8658625153', 
            'M', 
            'egavrielli9@engadget.com', 
            '2013-10-20'); 

INSERT INTO [dbo].[provider] 
            ([providerid], 
             [providerfn], 
             [providerln], 
             [providerrole], 
             [provideraddl1], 
             [provideraddl2], 
             [providercity], 
             [providerstate], 
             [providerzipcode], 
             [providerphone], 
             [providergender], 
             [provideremail], 
             [providerdob]) 
VALUES     (11, 
            'Joye', 
            'Gowdy', 
            'Hygienist', 
            '85340 Eagan Street', 
            '81 Trailsway Terrace', 
            'Topeka', 
            'Kansas', 
            '66667', 
            '7853618428', 
            'F', 
            'jgowdya@twitpic.com', 
            '1971-07-31'); 

INSERT INTO [dbo].[provider] 
            ([providerid], 
             [providerfn], 
             [providerln], 
             [providerrole], 
             [provideraddl1], 
             [provideraddl2], 
             [providercity], 
             [providerstate], 
             [providerzipcode], 
             [providerphone], 
             [providergender], 
             [provideremail], 
             [providerdob]) 
VALUES     (12, 
            'Ozzy', 
            'Brennon', 
            'Hygienist', 
            '589 Thackeray Pass', 
            '26673 Sommers Street', 
            'Baton Rouge', 
            'Louisiana', 
            '70820', 
            '2259064139', 
            'M', 
            'obrennonb@privacy.gov.au', 
            '2006-09-04'); 

INSERT INTO [dbo].[provider] 
            ([providerid], 
             [providerfn], 
             [providerln], 
             [providerrole], 
             [provideraddl1], 
             [provideraddl2], 
             [providercity], 
             [providerstate], 
             [providerzipcode], 
             [providerphone], 
             [providergender], 
             [provideremail], 
             [providerdob]) 
VALUES     (13, 
            'Cecelia', 
            'Saffle', 
            'Hygienist', 
            '97168 Sullivan Hill', 
            '648 Northfield Pass', 
            'Arlington', 
            'Texas', 
            '76011', 
            '6827837738', 
            'F', 
            'csafflec@house.gov', 
            '2000-08-20'); 

INSERT INTO [dbo].[provider] 
            ([providerid], 
             [providerfn], 
             [providerln], 
             [providerrole], 
             [provideraddl1], 
             [provideraddl2], 
             [providercity], 
             [providerstate], 
             [providerzipcode], 
             [providerphone], 
             [providergender], 
             [provideremail], 
             [providerdob]) 
VALUES     (14, 
            'Lynna', 
            'Hearst', 
            'Hygienist', 
            '993 Ronald Regan', 
            '51635 Buell Court', 
            'Springfield', 
            'Illinois', 
            '62718', 
            '2177514727', 
            'F', 
            'lhearstd@reference.com', 
            '1980-10-21'); 

INSERT INTO [dbo].[provider] 
            ([providerid], 
             [providerfn], 
             [providerln], 
             [providerrole], 
             [provideraddl1], 
             [provideraddl2], 
             [providercity], 
             [providerstate], 
             [providerzipcode], 
             [providerphone], 
             [providergender], 
             [provideremail], 
             [providerdob]) 
VALUES     (15, 
            'Jocko', 
            'Wickwarth', 
            'Dentist', 
            '2 Maple Crossing', 
            '030 Ridgeview Hill', 
            'Buffalo', 
            'New York', 
            '14225', 
            '7167393275', 
            'M', 
            'jwickwarthe@yelp.com', 
            '1995-12-30'); 
---------------------------------------------------------------------------------------------------------------------------------------
/*-- PATIENT INSERT --*/ 

INSERT INTO [dbo].[patient] 
            ([patientid], 
             [patientfn], 
             [patientln], 
             [patientaddl1], 
             [patientaddl2], 
             [patientcity], 
             [patientstate], 
             [patientzip], 
             [patientphone], 
             [patientgender], 
             [patientdob], 
             [patientemail], 
             [patientemergencyname], 
             [patientemergencyno]) 
VALUES      (1, 
             'Michael', 
             'Clarke', 
             '234 Prudential Plaza', 
             '19 Patient Avenue', 
             'Boston', 
             'MA', 
             '02115', 
             '8573936779', 
             'M', 
             '1987-08-12', 
             'michael@patient.com', 
             'Ricky Ponting', 
             '9813183901'); 

INSERT INTO [dbo].[patient] 
            ([patientid], 
             [patientfn], 
             [patientln], 
             [patientaddl1], 
             [patientaddl2], 
             [patientcity], 
             [patientstate], 
             [patientzip], 
             [patientphone], 
             [patientgender], 
             [patientdob], 
             [patientemail], 
             [patientemergencyname], 
             [patientemergencyno]) 
VALUES      (2, 
             'Karney', 
             'Armitt', 
             '488 Aberg Plaza', 
             '19 Artisan Avenue', 
             'Joliet', 
             'IL', 
             '60435', 
             '8153934079', 
             'M', 
             '1977-09-26', 
             'karmitt0@elpais.com', 
             'Karney Armitt', 
             '2123183801'); 

INSERT INTO [dbo].[patient] 
            ([patientid], 
             [patientfn], 
             [patientln], 
             [patientaddl1], 
             [patientaddl2], 
             [patientcity], 
             [patientstate], 
             [patientzip], 
             [patientphone], 
             [patientgender], 
             [patientdob], 
             [patientemail], 
             [patientemergencyname], 
             [patientemergencyno]) 
VALUES      (3, 
             'Nerta', 
             'Sealeaf', 
             '03 Surrey Parkway', 
             '543 Grasskamp Point', 
             'Corona', 
             'CA', 
             '92883', 
             '6261180729', 
             'F', 
             '1952-07-01', 
             'nsealeaf2@eventbrite.com', 
             'Nerta Sealeaf', 
             '6198780837'); 

INSERT INTO [dbo].[patient] 
            ([patientid], 
             [patientfn], 
             [patientln], 
             [patientaddl1], 
             [patientaddl2], 
             [patientcity], 
             [patientstate], 
             [patientzip], 
             [patientphone], 
             [patientgender], 
             [patientdob], 
             [patientemail], 
             [patientemergencyname], 
             [patientemergencyno]) 
VALUES      (4, 
             'Bianca', 
             'Bass', 
             '549 Mallard Place', 
             '407 Division Hill', 
             'Buffalo', 
             'NY', 
             '14225', 
             '7168924164', 
             'F', 
             '1949-04-07', 
             'bbass3@huffingtonpost.com', 
             'Bianca Bass', 
             '9195503481'); 

INSERT INTO [dbo].[patient] 
            ([patientid], 
             [patientfn], 
             [patientln], 
             [patientaddl1], 
             [patientaddl2], 
             [patientcity], 
             [patientstate], 
             [patientzip], 
             [patientphone], 
             [patientgender], 
             [patientdob], 
             [patientemail], 
             [patientemergencyname], 
             [patientemergencyno]) 
VALUES      (5, 
             'Isabel', 
             'Fullbrook', 
             '09627 Lyons Pass', 
             '404 Pennsylvania Circle', 
             'San Jose', 
             'CA', 
             '95128', 
             '7147379483', 
             'F', 
             '1977-01-08', 
             'ifullbrook4@barnesandnoble.com', 
             'Isabel Fullbrook', 
             '2058527502'); 

INSERT INTO [dbo].[patient] 
            ([patientid], 
             [patientfn], 
             [patientln], 
             [patientaddl1], 
             [patientaddl2], 
             [patientcity], 
             [patientstate], 
             [patientzip], 
             [patientphone], 
             [patientgender], 
             [patientdob], 
             [patientemail], 
             [patientemergencyname], 
             [patientemergencyno]) 
VALUES      (6, 
             'Jackquelin', 
             'Itschakov', 
             '0216 Oriole Lane', 
             '930 Waxwing Circle', 
             'Chico', 
             'CA', 
             '95973', 
             '9163639102', 
             'F', 
             '2009-11-01', 
             'jitschakov5@webeden.co.uk', 
             'Jackquelin Itschakov', 
             '7578203184'); 

INSERT INTO [dbo].[patient] 
            ([patientid], 
             [patientfn], 
             [patientln], 
             [patientaddl1], 
             [patientaddl2], 
             [patientcity], 
             [patientstate], 
             [patientzip], 
             [patientphone], 
             [patientgender], 
             [patientdob], 
             [patientemail], 
             [patientemergencyname], 
             [patientemergencyno]) 
VALUES      (7, 
             'Worth', 
             'Druery', 
             '1688 Nobel Hill', 
             '38 Algoma Trail', 
             'Seattle', 
             'WA', 
             '98195', 
             '2068109108', 
             'M', 
             '1947-09-12', 
             'wdruery6@columbia.edu', 
             'Worth Druery', 
             '8069121874'); 

INSERT INTO [dbo].[patient] 
            ([patientid], 
             [patientfn], 
             [patientln], 
             [patientaddl1], 
             [patientaddl2], 
             [patientcity], 
             [patientstate], 
             [patientzip], 
             [patientphone], 
             [patientgender], 
             [patientdob], 
             [patientemail], 
             [patientemergencyname], 
             [patientemergencyno]) 
VALUES      (8, 
             'Gale', 
             'Kleinerman', 
             '4 Farmco Lane', 
             '55 Alpine Point', 
             'Duluth', 
             'MN', 
             '55811', 
             '2189424546', 
             'F', 
             '1967-02-01', 
             'gkleinerman7@surveymonkey.com', 
             'Gale Kleinerman', 
             '2075660171'); 

INSERT INTO [dbo].[patient] 
            ([patientid], 
             [patientfn], 
             [patientln], 
             [patientaddl1], 
             [patientaddl2], 
             [patientcity], 
             [patientstate], 
             [patientzip], 
             [patientphone], 
             [patientgender], 
             [patientdob], 
             [patientemail], 
             [patientemergencyname], 
             [patientemergencyno]) 
VALUES      (9, 
             'Silas', 
             'Glyde', 
             '2325 Bonner Junction', 
             '6 Jay Plaza', 
             'Minneapolis', 
             'MN', 
             '55417', 
             '6517981284', 
             'M', 
             '1964-04-22', 
             'sglyde8@themeforest.net', 
             'Silas Glyde', 
             '3051109491'); 

INSERT INTO [dbo].[patient] 
            ([patientid], 
             [patientfn], 
             [patientln], 
             [patientaddl1], 
             [patientaddl2], 
             [patientcity], 
             [patientstate], 
             [patientzip], 
             [patientphone], 
             [patientgender], 
             [patientdob], 
             [patientemail], 
             [patientemergencyname], 
             [patientemergencyno]) 
VALUES      (10, 
             'Brion', 
             'Christopherson', 
             '7 Meadow Vale Parkway', 
             '2 Transport Crossing', 
             'Vancouver', 
             'WA', 
             '98682', 
             '3603970847', 
             'M', 
             '1980-01-17', 
             'bchristopherson9@independent.co.uk', 
             'Brion Christopherson', 
             '9095479601'); 

INSERT INTO [dbo].[patient] 
            ([patientid], 
             [patientfn], 
             [patientln], 
             [patientaddl1], 
             [patientaddl2], 
             [patientcity], 
             [patientstate], 
             [patientzip], 
             [patientphone], 
             [patientgender], 
             [patientdob], 
             [patientemail], 
             [patientemergencyname], 
             [patientemergencyno]) 
VALUES      (11, 
             'Saunderson', 
             'Ramshaw', 
             '6731 Bellgrove Hill', 
             '939 Judy Point', 
             'San Diego', 
             'CA', 
             '92110', 
             '9493273893', 
             'M', 
             '1957-07-29', 
             'sramshawa@java.com', 
             'Saunderson Ramshaw', 
             '3037489471'); 

INSERT INTO [dbo].[patient] 
            ([patientid], 
             [patientfn], 
             [patientln], 
             [patientaddl1], 
             [patientaddl2], 
             [patientcity], 
             [patientstate], 
             [patientzip], 
             [patientphone], 
             [patientgender], 
             [patientdob], 
             [patientemail], 
             [patientemergencyname], 
             [patientemergencyno]) 
VALUES      (12, 
             'Tammara', 
             'Monteath', 
             '207 Walton Terrace', 
             '88758 Veith Drive', 
             'Pensacola', 
             'FL', 
             '32511', 
             '8503993455', 
             'F', 
             '1991-03-22', 
             'tmonteathb@clickbank.net', 
             'Tammara Monteath', 
             '5854776215'); 

INSERT INTO [dbo].[patient] 
            ([patientid], 
             [patientfn], 
             [patientln], 
             [patientaddl1], 
             [patientaddl2], 
             [patientcity], 
             [patientstate], 
             [patientzip], 
             [patientphone], 
             [patientgender], 
             [patientdob], 
             [patientemail], 
             [patientemergencyname], 
             [patientemergencyno]) 
VALUES      (13, 
             'Berke', 
             'Astill', 
             '8 Gerald Drive', 
             '949 Stone Corner Junction', 
             'Salem', 
             'OR', 
             '97312', 
             '9711099988', 
             'M', 
             '1957-04-08', 
             'bastillc@google.it', 
             'Berke Astill', 
             '2156171355'); 

INSERT INTO [dbo].[patient] 
            ([patientid], 
             [patientfn], 
             [patientln], 
             [patientaddl1], 
             [patientaddl2], 
             [patientcity], 
             [patientstate], 
             [patientzip], 
             [patientphone], 
             [patientgender], 
             [patientdob], 
             [patientemail], 
             [patientemergencyname], 
             [patientemergencyno]) 
VALUES      (14, 
             'Vicki', 
             'Romao', 
             '51 Meadow Vale Parkway', 
             '08670 Westridge Trail', 
             'Louisville', 
             'KY', 
             '40233', 
             '5023346275', 
             'F', 
             '1944-01-19', 
             'vromaod@so-net.ne.jp', 
             'Vicki Romao', 
             '5204727535'); 

INSERT INTO [dbo].[patient] 
            ([patientid], 
             [patientfn], 
             [patientln], 
             [patientaddl1], 
             [patientaddl2], 
             [patientcity], 
             [patientstate], 
             [patientzip], 
             [patientphone], 
             [patientgender], 
             [patientdob], 
             [patientemail], 
             [patientemergencyname], 
             [patientemergencyno]) 
VALUES      (15, 
             'Paxon', 
             'Webborn', 
             '8290 Utah Trail', 
             '4209 Carioca Parkway', 
             'Birmingham', 
             'AL', 
             '35263', 
             '2056659589', 
             'M', 
             '1956-01-02', 
             'pwebborne@bloglovin.com', 
             'Paxon Webborn', 
             '2177926452'); 

---------------------------------------------------------------------------------------------------------------------------------------
/*-- LOCATION INSERT --*/ 
INSERT INTO [dbo].[Location] ([LocID], [StreetName], [City], [State], [ZipCode])
VALUES (1, '547 Surrey Parkway', 'Boston', 'MA', '75062');

INSERT INTO [dbo].[location] 
            ([locid], 
             [streetname], 
             [city], 
             [state], 
             [zipcode]) 
VALUES      (2, 
             '95 Division Plaza', 
             'Boston', 
             'MA', 
             '79705'); 

----------------------------------------------------------------------------------------------------------------------------------
/*-- ROOM INSERT --*/

INSERT INTO [dbo].[room] 
            ([roomid], 
             [roomnumber], 
             [locid]) 
VALUES      (1, 
             100, 
             1) 

INSERT INTO [dbo].[room] 
            ([roomid], 
             [roomnumber], 
             [locid]) 
VALUES      (2, 
             200, 
             1); 

INSERT INTO [dbo].[room] 
            ([roomid], 
             [roomnumber], 
             [locid]) 
VALUES      (3, 
             300, 
             1); 

INSERT INTO [dbo].[room] 
            ([roomid], 
             [roomnumber], 
             [locid]) 
VALUES      (4, 
             400, 
             1); 

INSERT INTO [dbo].[room] 
            ([roomid], 
             [roomnumber], 
             [locid]) 
VALUES      (5, 
             500, 
             1); 

INSERT INTO [dbo].[room] 
            ([roomid], 
             [roomnumber], 
             [locid]) 
VALUES      (6, 
             600, 
             1); 

INSERT INTO [dbo].[room] 
            ([roomid], 
             [roomnumber], 
             [locid]) 
VALUES      (7, 
             700, 
             1);

INSERT INTO [dbo].[room] 
            ([roomid], 
             [roomnumber], 
             [locid]) 
VALUES      (8, 
             800, 
             2);

INSERT INTO [dbo].[room] 
            ([roomid], 
             [roomnumber], 
             [locid]) 
VALUES      (9, 
             900, 
             2);

INSERT INTO [dbo].[room] 
            ([roomid], 
             [roomnumber], 
             [locid]) 
VALUES      (10, 
             1000, 
             2);

INSERT INTO [dbo].[room] 
            ([roomid], 
             [roomnumber], 
             [locid]) 
VALUES      (11, 
             1100, 
             2);

INSERT INTO [dbo].[room] 
            ([roomid], 
             [roomnumber], 
             [locid]) 
VALUES      (12, 
             1200, 
             2);

INSERT INTO [dbo].[room] 
            ([roomid], 
             [roomnumber], 
             [locid]) 
VALUES      (13, 
             1300, 
             2);

INSERT INTO [dbo].[room] 
            ([roomid], 
             [roomnumber], 
             [locid]) 
VALUES      (14, 
             1400, 
             2);

INSERT INTO [dbo].[room] 
            ([roomid], 
             [roomnumber], 
             [locid]) 
VALUES      (15, 
             1500, 
             2);

----------------------------------------------------------------------------------------------------------------------------------------------
/*-- APPOINTMENT INSERT --*/ 

INSERT INTO [dbo].[appointment] 
            ([aptid], 
             [aptdate], 
             [apttime], 
             [aptstatus], 
             [visitreason], 
             [patientid], 
             [roomid], 
             [providerid]) 
VALUES      (1, 
             '12/12/2019',
             '11:45:12',
             'O', 
             'Tooth ache', 
             1, 
             1, 
             1) 

INSERT INTO [dbo].[appointment] 
            ([aptid], 
             [aptdate], 
             [apttime], 
             [aptstatus], 
             [visitreason], 
             [patientid], 
             [roomid], 
             [providerid]) 
VALUES      (2, 
             '12/12/2019', 
             '17:18:04', 
             'O', 
             'Regular preventive care', 
             2, 
             2, 
             2); 

INSERT INTO [dbo].[appointment] 
            ([aptid], 
             [aptdate], 
             [apttime], 
             [aptstatus], 
             [visitreason], 
             [patientid], 
             [roomid], 
             [providerid]) 
VALUES      (3, 
             '12/13/2019', 
             '18:25:47', 
             'O', 
             'suffering from serious halitosis', 
             3, 
             3, 
             7); 

INSERT INTO [dbo].[appointment] 
            ([aptid], 
             [aptdate], 
             [apttime], 
             [aptstatus], 
             [visitreason], 
             [patientid], 
             [roomid], 
             [providerid]) 
VALUES      (4, 
             '12/13/2019', 
             '20:58:16', 
             'O', 
             'bleeding gum', 
             4, 
             4, 
             8); 

INSERT INTO [dbo].[appointment] 
            ([aptid], 
             [aptdate], 
             [apttime], 
             [aptstatus], 
             [visitreason], 
             [patientid], 
             [roomid], 
             [providerid]) 
VALUES      (5, 
             '12/13/2019', 
             '20:45:51', 
             'O', 
             'routine cleanup', 
             5, 
             5, 
             9); 

INSERT INTO [dbo].[appointment] 
            ([aptid], 
             [aptdate], 
             [apttime], 
             [aptstatus], 
             [visitreason], 
             [patientid], 
             [roomid], 
             [providerid]) 
VALUES      (6, 
             '12/14/2019', 
             '7:29:38', 
             'O', 
             'Tooth ache', 
             6, 
             6, 
             15); 

INSERT INTO [dbo].[appointment] 
            ([aptid], 
             [aptdate], 
             [apttime], 
             [aptstatus], 
             [visitreason], 
             [patientid], 
             [roomid], 
             [providerid]) 
VALUES      (7, 
             '12/15/2019', 
             '6:18:30', 
             'O', 
             'bleeding gum', 
             7, 
             7, 
             1); 

INSERT INTO [dbo].[appointment] 
            ([aptid], 
             [aptdate], 
             [apttime], 
             [aptstatus], 
             [visitreason], 
             [patientid], 
             [roomid], 
             [providerid]) 
VALUES      (8, 
             '12/14/2019', 
             '9:47:14', 
             'O', 
             'suffering from serious halitosis', 
             8, 
             1, 
             2); 

INSERT INTO [dbo].[appointment] 
            ([aptid], 
             [aptdate], 
             [apttime], 
             [aptstatus], 
             [visitreason], 
             [patientid], 
             [roomid], 
             [providerid]) 
VALUES      (9, 
             '12/14/2019', 
             '19:12:15', 
             'O', 
             'Routine checkup', 
             9, 
             2, 
             7); 

INSERT INTO [dbo].[appointment] 
            ([aptid], 
             [aptdate], 
             [apttime], 
             [aptstatus], 
             [visitreason], 
             [patientid], 
             [roomid], 
             [providerid]) 
VALUES      (10, 
             '12/13/2019', 
             '2:07:58', 
             'X', 
             'Regular preventive care', 
             10, 
             3, 
             8); 

INSERT INTO [dbo].[appointment] 
            ([aptid], 
             [aptdate], 
             [apttime], 
             [aptstatus], 
             [visitreason], 
             [patientid], 
             [roomid], 
             [providerid]) 
VALUES      (11, 
             '12/13/2019', 
             '11:21:21', 
             'O', 
             'Regular preventive care', 
             11, 
             4, 
             9); 

INSERT INTO [dbo].[appointment] 
            ([aptid], 
             [aptdate], 
             [apttime], 
             [aptstatus], 
             [visitreason], 
             [patientid], 
             [roomid], 
             [providerid]) 
VALUES      (12, 
             '12/13/2019', 
             '6:58:48', 
             'O', 
             'Gum Bleeding', 
             12, 
             5, 
             15); 

INSERT INTO [dbo].[appointment] 
            ([aptid], 
             [aptdate], 
             [apttime], 
             [aptstatus], 
             [visitreason], 
             [patientid], 
             [roomid], 
             [providerid]) 
VALUES      (13, 
             '12/12/2019', 
             '6:28:43', 
             'O', 
             'suffering from serious halitosis', 
             13, 
             6, 
             1); 

INSERT INTO [dbo].[appointment] 
            ([aptid], 
             [aptdate], 
             [apttime], 
             [aptstatus], 
             [visitreason], 
             [patientid], 
             [roomid], 
             [providerid]) 
VALUES      (14, 
             '12/15/2019', 
             '22:20:33', 
             'O', 
             'routine cleanup', 
             14, 
             7, 
             2); 

INSERT INTO [dbo].[appointment] 
            ([aptid], 
             [aptdate], 
             [apttime], 
             [aptstatus], 
             [visitreason], 
             [patientid], 
             [roomid], 
             [providerid]) 
VALUES      (15, 
             '12/13/2019', 
             '6:39:30', 
             'O', 
             'Tooth ache', 
             15, 
             8, 
             7); 

--------------------------------------------------------------------------------------------------------------------------
/*-- TREATMENT CATALOG INSERT --*/ 
INSERT INTO [dbo].[treatmentcatalog] 
            ([tcid], 
             [treatmentname], 
             [treatmentcharge]) 
VALUES      (1, 
             'Tooth Cleaning', 
             12.99) 

go 

INSERT INTO [dbo].[treatmentcatalog] 
            ([tcid], 
             [treatmentname], 
             [treatmentcharge]) 
VALUES      (2, 
             'Complete Exams x-rays dental cleanings', 
             599.23); 

INSERT INTO [dbo].[treatmentcatalog] 
            ([tcid], 
             [treatmentname], 
             [treatmentcharge]) 
VALUES      (3, 
             'Fillings root canals extractions', 
             55.22); 

INSERT INTO [dbo].[treatmentcatalog] 
            ([tcid], 
             [treatmentname], 
             [treatmentcharge]) 
VALUES      (4, 
             'Cosmetic dentistry', 
             155.23); 

INSERT INTO [dbo].[treatmentcatalog] 
            ([tcid], 
             [treatmentname], 
             [treatmentcharge]) 
VALUES      (5, 
             'Implants placement restoration', 
             110.39); 

INSERT INTO [dbo].[treatmentcatalog] 
            ([tcid], 
             [treatmentname], 
             [treatmentcharge]) 
VALUES      (6, 
             'Crowns bridges full and partial dentures', 
             144.51); 

INSERT INTO [dbo].[treatmentcatalog] 
            ([tcid], 
             [treatmentname], 
             [treatmentcharge]) 
VALUES      (7, 
             'Implants', 
             234.97); 

INSERT INTO [dbo].[treatmentcatalog] 
            ([tcid], 
             [treatmentname], 
             [treatmentcharge]) 
VALUES      (8, 
             'Orthodontics', 
             406.33); 

INSERT INTO [dbo].[treatmentcatalog] 
            ([tcid], 
             [treatmentname], 
             [treatmentcharge]) 
VALUES      (9, 
             'Preventive care periodontal therapy nutritional counseling', 
             166.35); 

INSERT INTO [dbo].[treatmentcatalog] 
            ([tcid], 
             [treatmentname], 
             [treatmentcharge]) 
VALUES      (10, 
             'Relaxation techniques using nitrous oxide sedation', 
             484.43); 

------------------------------------------------------------------------------------------------------------------------------------------------------
/*-- TREATMENT SUMMARY --*/ 
INSERT INTO [dbo].[treatmentsummary] 
            ([treatmentid], 
             [notes], 
             [appointmentid], 
             [tcid]) 
VALUES      (1, 
             'Flossing', 
             1, 
             1);

INSERT INTO [dbo].[treatmentsummary] 
            ([treatmentid], 
             [notes], 
             [appointmentid], 
             [tcid]) 
VALUES      (2, 
             'Oral Cancer Examination', 
             1, 
             2); 

INSERT INTO [dbo].[treatmentsummary] 
            ([treatmentid], 
             [notes], 
             [appointmentid], 
             [tcid]) 
VALUES      (3, 
             'Bonding', 
             2, 
             3); 

INSERT INTO [dbo].[treatmentsummary] 
            ([treatmentid], 
             [notes], 
             [appointmentid], 
             [tcid]) 
VALUES      (4, 
             'Braces', 
             3, 
             4); 

INSERT INTO [dbo].[treatmentsummary] 
            ([treatmentid], 
             [notes], 
             [appointmentid], 
             [tcid]) 
VALUES      (5, 
             'Bridges and Implants', 
             3, 
             5); 

INSERT INTO [dbo].[treatmentsummary] 
            ([treatmentid], 
             [notes], 
             [appointmentid], 
             [tcid]) 
VALUES      (6, 
             'Crowns and Caps', 
             6, 
             6); 

INSERT INTO [dbo].[treatmentsummary] 
            ([treatmentid], 
             [notes], 
             [appointmentid], 
             [tcid]) 
VALUES      (7, 
             'Extractions', 
             7, 
             7); 

INSERT INTO [dbo].[treatmentsummary] 
            ([treatmentid], 
             [notes], 
             [appointmentid], 
             [tcid]) 
VALUES      (8, 
             'Dentures', 
             8, 
             8); 

INSERT INTO [dbo].[treatmentsummary] 
            ([treatmentid], 
             [notes], 
             [appointmentid], 
             [tcid]) 
VALUES      (9, 
             'Fillings and Repairs', 
             9, 
             9); 

INSERT INTO [dbo].[treatmentsummary] 
            ([treatmentid], 
             [notes], 
             [appointmentid], 
             [tcid]) 
VALUES      (1, 
             'Gum Surgery', 
             10, 
             10); 

INSERT INTO [dbo].[treatmentsummary] 
            ([treatmentid], 
             [notes], 
             [appointmentid], 
             [tcid]) 
VALUES      (11, 
             'Oral Cancer Examination', 
             11, 
             13); 

INSERT INTO [dbo].[treatmentsummary] 
            ([treatmentid], 
             [notes], 
             [appointmentid], 
             [tcid]) 
VALUES      (12, 
             'Flossing', 
             12, 
             2); 

insert into [dbo].[TreatmentSummary] ([TreatmentID], [Notes], [AppointmentID], [TCID]) values (13, 'Dentures', 13, 3);
INSERT INTO [dbo].[treatmentsummary] 
            ([treatmentid], 
             [notes], 
             [appointmentid], 
             [tcid]) 
VALUES      (14, 
             'Bonding', 
             14, 
             4); 

INSERT INTO [dbo].[treatmentsummary] 
            ([treatmentid], 
             [notes], 
             [appointmentid], 
             [tcid]) 
VALUES      (15, 
             'Root Canals', 
             15, 
             5); 

SELECT * 
FROM   treatmentsummary 
------------------------------------------------------------------------------------------------------------------------------
/*
TEETH INFORMATION
*/

INSERT INTO [dbo].[teethinformation] 
            ([teethinfoid], 
             [totalteeth], 
             [faketeeth], 
             [gencondition], 
             [patientid]) 
VALUES      (1, 
             30, 
             2, 
             'Bad', 
             1); 

INSERT INTO [dbo].[teethinformation] 
            ([teethinfoid], 
             [totalteeth], 
             [faketeeth], 
             [gencondition], 
             [patientid]) 
VALUES      (2, 
             32, 
             0, 
             'Good', 
             2); 

INSERT INTO [dbo].[teethinformation] 
            ([teethinfoid], 
             [totalteeth], 
             [faketeeth], 
             [gencondition], 
             [patientid]) 
VALUES      (3, 
             28, 
             4, 
             'OK', 
             3); 

INSERT INTO [dbo].[teethinformation] 
            ([teethinfoid], 
             [totalteeth], 
             [faketeeth], 
             [gencondition], 
             [patientid]) 
VALUES      (4, 
             29, 
             3, 
             'OK', 
             4); 

INSERT INTO [dbo].[teethinformation] 
            ([teethinfoid], 
             [totalteeth], 
             [faketeeth], 
             [gencondition], 
             [patientid]) 
VALUES      (5, 
             31, 
             1, 
             'Good', 
             5); 

INSERT INTO [dbo].[teethinformation] 
            ([teethinfoid], 
             [totalteeth], 
             [faketeeth], 
             [gencondition], 
             [patientid]) 
VALUES      (6, 
             27, 
             5, 
             'Bad', 
             6); 

INSERT INTO [dbo].[teethinformation] 
            ([teethinfoid], 
             [totalteeth], 
             [faketeeth], 
             [gencondition], 
             [patientid]) 
VALUES      (7, 
             25, 
             7, 
             'OK', 
             7); 

INSERT INTO [dbo].[teethinformation] 
            ([teethinfoid], 
             [totalteeth], 
             [faketeeth], 
             [gencondition], 
             [patientid]) 
VALUES      (8, 
             32, 
             0, 
             'Bad', 
             8); 

INSERT INTO [dbo].[teethinformation] 
            ([teethinfoid], 
             [totalteeth], 
             [faketeeth], 
             [gencondition], 
             [patientid]) 
VALUES      (9, 
             28, 
             4, 
             'Good', 
             9); 

INSERT INTO [dbo].[teethinformation] 
            ([teethinfoid], 
             [totalteeth], 
             [faketeeth], 
             [gencondition], 
             [patientid]) 
VALUES      (10, 
             29, 
             3, 
             'OK', 
             10); 

INSERT INTO [dbo].[teethinformation] 
            ([teethinfoid], 
             [totalteeth], 
             [faketeeth], 
             [gencondition], 
             [patientid]) 
VALUES      (11, 
             27, 
             1, 
             'Bad', 
             11); 

INSERT INTO [dbo].[teethinformation] 
            ([teethinfoid], 
             [totalteeth], 
             [faketeeth], 
             [gencondition], 
             [patientid]) 
VALUES      (12, 
             32, 
             0, 
             'Good', 
             12); 

INSERT INTO [dbo].[teethinformation] 
            ([teethinfoid], 
             [totalteeth], 
             [faketeeth], 
             [gencondition], 
             [patientid]) 
VALUES      (13, 
             31, 
             1, 
             'OK', 
             13); 

INSERT INTO [dbo].[teethinformation] 
            ([teethinfoid], 
             [totalteeth], 
             [faketeeth], 
             [gencondition], 
             [patientid]) 
VALUES      (14, 
             14, 
             18, 
             'Bad', 
             14);

INSERT INTO [dbo].[teethinformation] 
            ([teethinfoid], 
             [totalteeth], 
             [faketeeth], 
             [gencondition], 
             [patientid]) 
VALUES      (15, 
             30, 
             2, 
             'OK', 
             15) 

---------------------------------------------------------------------------------------------------------------------------------------
/*BLOCK TIME*/

INSERT INTO [dbo].[BlockTime]
           ([BlockID]
           ,[BlockTD]
           ,[BlockRate]
           ,[ProviderID])
     VALUES
           (1
           ,15
           ,20
           ,1)

INSERT INTO [dbo].[BlockTime]
           ([BlockID]
           ,[BlockTD]
           ,[BlockRate]
           ,[ProviderID])
     VALUES
           (2
           ,45
           ,50
           ,2)

INSERT INTO [dbo].[BlockTime]
           ([BlockID]
           ,[BlockTD]
           ,[BlockRate]
           ,[ProviderID])
     VALUES
           (3
           ,15
           ,30
           ,7)

INSERT INTO [dbo].[BlockTime]
           ([BlockID]
           ,[BlockTD]
           ,[BlockRate]
           ,[ProviderID])
     VALUES
           (4
           ,10
           ,10
           ,8)

INSERT INTO [dbo].[BlockTime]
           ([BlockID]
           ,[BlockTD]
           ,[BlockRate]
           ,[ProviderID])
     VALUES
           (5
           ,15
           ,40
           ,9)

INSERT INTO [dbo].[BlockTime]
           ([BlockID]
           ,[BlockTD]
           ,[BlockRate]
           ,[ProviderID])
     VALUES
           (6
           ,15
           ,20
           ,15)

select * from Provider
select * from Patient
select * from location
select * from room
select * from TreatmentCatalog
select * from TreatmentSummary
select * from Appointment
select * from BlockTime
select * from TeethInformation